[
{
    "model": "ad_manager.isd",
    "pk": 1,
    "fields": {}
},
{
    "model": "ad_manager.isd",
    "pk": 2,
    "fields": {}
},
{
    "model": "ad_manager.isd",
    "pk": 10,
    "fields": {}
},
{
    "model": "ad_manager.ad",
    "pk": 1,
    "fields": {
        "is_open": true,
        "is_core_ad": true,
        "isd": 1,
        "dns_domain": "ad1.isd1.scion."
    }
},
{
    "model": "ad_manager.ad",
    "pk": 2,
    "fields": {
        "is_open": true,
        "is_core_ad": false,
        "isd": 1,
        "dns_domain": "ad2.isd1.scion."
    }
},
{
    "model": "ad_manager.ad",
    "pk": 3,
    "fields": {
        "is_open": true,
        "is_core_ad": true,
        "isd": 2,
        "dns_domain": "ad3.isd2.scion."
    }
},
{
    "model": "ad_manager.ad",
    "pk": 4,
    "fields": {
        "is_open": true,
        "is_core_ad": false,
        "isd": 2,
        "dns_domain": "ad4.isd2.scion."
    }
},
{
    "model": "ad_manager.ad",
    "pk": 5,
    "fields": {
        "is_open": true,
        "is_core_ad": false,
        "isd": 2,
        "dns_domain": "ad5.isd2.scion."
    }
},
{
    "model": "ad_manager.ad",
    "pk": 6,
    "fields": {
        "is_open": true,
        "is_core_ad": true,
        "isd": 10,
        "dns_domain": "ad6.isd10.scion."
    }
},
{
    "model": "ad_manager.ad",
    "pk": 7,
    "fields": {
        "is_open": true,
        "is_core_ad": false,
        "isd": 10,
        "dns_domain": "ad7.isd10.scion."
    }
},
{
    "model": "ad_manager.beaconserverweb",
    "pk": 70,
    "fields": {
        "addr": "127.1.1.1",
        "name": "1",
        "ad": 1
    }
},
{
    "model": "ad_manager.beaconserverweb",
    "pk": 71,
    "fields": {
        "addr": "127.1.2.1",
        "name": "1",
        "ad": 2
    }
},
{
    "model": "ad_manager.beaconserverweb",
    "pk": 72,
    "fields": {
        "addr": "127.2.3.1",
        "name": "1",
        "ad": 3
    }
},
{
    "model": "ad_manager.beaconserverweb",
    "pk": 73,
    "fields": {
        "addr": "127.2.4.1",
        "name": "1",
        "ad": 4
    }
},
{
    "model": "ad_manager.beaconserverweb",
    "pk": 74,
    "fields": {
        "addr": "127.2.5.1",
        "name": "1",
        "ad": 5
    }
},
{
    "model": "ad_manager.beaconserverweb",
    "pk": 75,
    "fields": {
        "addr": "127.10.6.1",
        "name": "1",
        "ad": 6
    }
},
{
    "model": "ad_manager.beaconserverweb",
    "pk": 76,
    "fields": {
        "addr": "127.10.7.1",
        "name": "1",
        "ad": 7
    }
},
{
    "model": "ad_manager.certificateserverweb",
    "pk": 61,
    "fields": {
        "addr": "127.1.1.21",
        "name": "1",
        "ad": 1
    }
},
{
    "model": "ad_manager.certificateserverweb",
    "pk": 62,
    "fields": {
        "addr": "127.1.2.21",
        "name": "1",
        "ad": 2
    }
},
{
    "model": "ad_manager.certificateserverweb",
    "pk": 63,
    "fields": {
        "addr": "127.2.3.21",
        "name": "1",
        "ad": 3
    }
},
{
    "model": "ad_manager.certificateserverweb",
    "pk": 64,
    "fields": {
        "addr": "127.2.4.21",
        "name": "1",
        "ad": 4
    }
},
{
    "model": "ad_manager.certificateserverweb",
    "pk": 65,
    "fields": {
        "addr": "127.2.5.21",
        "name": "1",
        "ad": 5
    }
},
{
    "model": "ad_manager.certificateserverweb",
    "pk": 66,
    "fields": {
        "addr": "127.10.6.21",
        "name": "1",
        "ad": 6
    }
},
{
    "model": "ad_manager.certificateserverweb",
    "pk": 67,
    "fields": {
        "addr": "127.10.7.21",
        "name": "1",
        "ad": 7
    }
},
{
    "model": "ad_manager.pathserverweb",
    "pk": 49,
    "fields": {
        "addr": "127.1.1.41",
        "name": "1",
        "ad": 1
    }
},
{
    "model": "ad_manager.pathserverweb",
    "pk": 50,
    "fields": {
        "addr": "127.1.2.41",
        "name": "1",
        "ad": 2
    }
},
{
    "model": "ad_manager.pathserverweb",
    "pk": 51,
    "fields": {
        "addr": "127.2.3.41",
        "name": "1",
        "ad": 3
    }
},
{
    "model": "ad_manager.pathserverweb",
    "pk": 52,
    "fields": {
        "addr": "127.2.4.41",
        "name": "1",
        "ad": 4
    }
},
{
    "model": "ad_manager.pathserverweb",
    "pk": 53,
    "fields": {
        "addr": "127.2.5.41",
        "name": "1",
        "ad": 5
    }
},
{
    "model": "ad_manager.pathserverweb",
    "pk": 54,
    "fields": {
        "addr": "127.10.6.41",
        "name": "1",
        "ad": 6
    }
},
{
    "model": "ad_manager.pathserverweb",
    "pk": 55,
    "fields": {
        "addr": "127.10.7.41",
        "name": "1",
        "ad": 7
    }
},
{
    "model": "ad_manager.dnsserverweb",
    "pk": 64,
    "fields": {
        "addr": "127.1.1.61",
        "name": "1",
        "ad": 1
    }
},
{
    "model": "ad_manager.dnsserverweb",
    "pk": 65,
    "fields": {
        "addr": "127.1.2.61",
        "name": "1",
        "ad": 2
    }
},
{
    "model": "ad_manager.dnsserverweb",
    "pk": 66,
    "fields": {
        "addr": "127.2.3.61",
        "name": "1",
        "ad": 3
    }
},
{
    "model": "ad_manager.dnsserverweb",
    "pk": 67,
    "fields": {
        "addr": "127.2.4.61",
        "name": "1",
        "ad": 4
    }
},
{
    "model": "ad_manager.dnsserverweb",
    "pk": 68,
    "fields": {
        "addr": "127.2.5.61",
        "name": "1",
        "ad": 5
    }
},
{
    "model": "ad_manager.dnsserverweb",
    "pk": 69,
    "fields": {
        "addr": "127.10.6.61",
        "name": "1",
        "ad": 6
    }
},
{
    "model": "ad_manager.dnsserverweb",
    "pk": 70,
    "fields": {
        "addr": "127.10.7.61",
        "name": "1",
        "ad": 7
    }
},
{
    "model": "ad_manager.routerweb",
    "pk": 152,
    "fields": {
        "addr": "127.1.1.81",
        "neighbor_ad": 2,
        "ad": 1,
        "interface_id": 258,
        "interface_addr": "127.1.1.82",
        "interface_toaddr": "127.1.2.82",
        "neighbor_type": "CHILD",
        "name": "1"
    }
},
{
    "model": "ad_manager.routerweb",
    "pk": 153,
    "fields": {
        "addr": "127.1.1.83",
        "neighbor_ad": 3,
        "ad": 1,
        "interface_id": 259,
        "interface_addr": "127.1.1.84",
        "interface_toaddr": "127.2.3.86",
        "neighbor_type": "ROUTING",
        "name": "2"
    }
},
{
    "model": "ad_manager.routerweb",
    "pk": 154,
    "fields": {
        "addr": "127.1.2.81",
        "neighbor_ad": 1,
        "ad": 2,
        "interface_id": 258,
        "interface_addr": "127.1.2.82",
        "interface_toaddr": "127.1.1.82",
        "neighbor_type": "PARENT",
        "name": "1"
    }
},
{
    "model": "ad_manager.routerweb",
    "pk": 155,
    "fields": {
        "addr": "127.2.3.87",
        "neighbor_ad": 4,
        "ad": 3,
        "interface_id": 262,
        "interface_addr": "127.2.3.88",
        "interface_toaddr": "127.2.4.84",
        "neighbor_type": "CHILD",
        "name": "4"
    }
},
{
    "model": "ad_manager.routerweb",
    "pk": 156,
    "fields": {
        "addr": "127.2.3.83",
        "neighbor_ad": 5,
        "ad": 3,
        "interface_id": 263,
        "interface_addr": "127.2.3.84",
        "interface_toaddr": "127.2.5.84",
        "neighbor_type": "CHILD",
        "name": "2"
    }
},
{
    "model": "ad_manager.routerweb",
    "pk": 157,
    "fields": {
        "addr": "127.2.3.85",
        "neighbor_ad": 1,
        "ad": 3,
        "interface_id": 259,
        "interface_addr": "127.2.3.86",
        "interface_toaddr": "127.1.1.84",
        "neighbor_type": "ROUTING",
        "name": "3"
    }
},
{
    "model": "ad_manager.routerweb",
    "pk": 158,
    "fields": {
        "addr": "127.2.3.81",
        "neighbor_ad": 6,
        "ad": 3,
        "interface_id": 264,
        "interface_addr": "127.2.3.82",
        "interface_toaddr": "127.10.6.84",
        "neighbor_type": "ROUTING",
        "name": "1"
    }
},
{
    "model": "ad_manager.routerweb",
    "pk": 159,
    "fields": {
        "addr": "127.2.4.83",
        "neighbor_ad": 3,
        "ad": 4,
        "interface_id": 262,
        "interface_addr": "127.2.4.84",
        "interface_toaddr": "127.2.3.88",
        "neighbor_type": "PARENT",
        "name": "2"
    }
},
{
    "model": "ad_manager.routerweb",
    "pk": 160,
    "fields": {
        "addr": "127.2.4.81",
        "neighbor_ad": 5,
        "ad": 4,
        "interface_id": 264,
        "interface_addr": "127.2.4.82",
        "interface_toaddr": "127.2.5.82",
        "neighbor_type": "ROUTING",
        "name": "1"
    }
},
{
    "model": "ad_manager.routerweb",
    "pk": 161,
    "fields": {
        "addr": "127.2.5.83",
        "neighbor_ad": 3,
        "ad": 5,
        "interface_id": 263,
        "interface_addr": "127.2.5.84",
        "interface_toaddr": "127.2.3.84",
        "neighbor_type": "PARENT",
        "name": "2"
    }
},
{
    "model": "ad_manager.routerweb",
    "pk": 162,
    "fields": {
        "addr": "127.2.5.81",
        "neighbor_ad": 4,
        "ad": 5,
        "interface_id": 264,
        "interface_addr": "127.2.5.82",
        "interface_toaddr": "127.2.4.82",
        "neighbor_type": "ROUTING",
        "name": "1"
    }
},
{
    "model": "ad_manager.routerweb",
    "pk": 163,
    "fields": {
        "addr": "127.10.6.81",
        "neighbor_ad": 7,
        "ad": 6,
        "interface_id": 268,
        "interface_addr": "127.10.6.82",
        "interface_toaddr": "127.10.7.82",
        "neighbor_type": "CHILD",
        "name": "1"
    }
},
{
    "model": "ad_manager.routerweb",
    "pk": 164,
    "fields": {
        "addr": "127.10.6.83",
        "neighbor_ad": 3,
        "ad": 6,
        "interface_id": 264,
        "interface_addr": "127.10.6.84",
        "interface_toaddr": "127.2.3.82",
        "neighbor_type": "ROUTING",
        "name": "2"
    }
},
{
    "model": "ad_manager.routerweb",
    "pk": 165,
    "fields": {
        "addr": "127.10.7.81",
        "neighbor_ad": 6,
        "ad": 7,
        "interface_id": 268,
        "interface_addr": "127.10.7.82",
        "interface_toaddr": "127.10.6.82",
        "neighbor_type": "PARENT",
        "name": "1"
    }
}
]
