[
{
  "fields": {},
  "pk": 1,
  "model": "ad_manager.isd"
},
{
  "fields": {},
  "pk": 2,
  "model": "ad_manager.isd"
},
{
  "fields": {},
  "pk": 10,
  "model": "ad_manager.isd"
},
{
  "fields": {
    "isd": "1",
    "is_core_ad": true
  },
  "pk": 1,
  "model": "ad_manager.ad"
},
{
  "fields": {
    "isd": "1",
    "is_core_ad": false
  },
  "pk": 2,
  "model": "ad_manager.ad"
},
{
  "fields": {
    "isd": "2",
    "is_core_ad": true
  },
  "pk": 3,
  "model": "ad_manager.ad"
},
{
  "fields": {
    "isd": "2",
    "is_core_ad": false
  },
  "pk": 4,
  "model": "ad_manager.ad"
},
{
  "fields": {
    "isd": "2",
    "is_core_ad": false
  },
  "pk": 5,
  "model": "ad_manager.ad"
},
{
  "fields": {
    "isd": "10",
    "is_core_ad": true
  },
  "pk": 6,
  "model": "ad_manager.ad"
},
{
  "fields": {
    "isd": "10",
    "is_core_ad": false
  },
  "pk": 7,
  "model": "ad_manager.ad"
},
{
  "fields": {
    "addr": "127.1.2.1",
    "ad": "2"
  },
  "pk": 89,
  "model": "ad_manager.beaconserverweb"
},
{
  "fields": {
    "addr": "127.1.1.1",
    "ad": "1"
  },
  "pk": 90,
  "model": "ad_manager.beaconserverweb"
},
{
  "fields": {
    "addr": "127.10.6.1",
    "ad": "6"
  },
  "pk": 91,
  "model": "ad_manager.beaconserverweb"
},
{
  "fields": {
    "addr": "127.10.7.1",
    "ad": "7"
  },
  "pk": 92,
  "model": "ad_manager.beaconserverweb"
},
{
  "fields": {
    "addr": "127.2.3.1",
    "ad": "3"
  },
  "pk": 93,
  "model": "ad_manager.beaconserverweb"
},
{
  "fields": {
    "addr": "127.2.4.1",
    "ad": "4"
  },
  "pk": 94,
  "model": "ad_manager.beaconserverweb"
},
{
  "fields": {
    "addr": "127.2.5.1",
    "ad": "5"
  },
  "pk": 95,
  "model": "ad_manager.beaconserverweb"
},
{
  "fields": {
    "addr": "127.1.2.21",
    "ad": "2"
  },
  "pk": 89,
  "model": "ad_manager.certificateserverweb"
},
{
  "fields": {
    "addr": "127.1.1.21",
    "ad": "1"
  },
  "pk": 90,
  "model": "ad_manager.certificateserverweb"
},
{
  "fields": {
    "addr": "127.10.6.21",
    "ad": "6"
  },
  "pk": 91,
  "model": "ad_manager.certificateserverweb"
},
{
  "fields": {
    "addr": "127.10.7.21",
    "ad": "7"
  },
  "pk": 92,
  "model": "ad_manager.certificateserverweb"
},
{
  "fields": {
    "addr": "127.2.3.21",
    "ad": "3"
  },
  "pk": 93,
  "model": "ad_manager.certificateserverweb"
},
{
  "fields": {
    "addr": "127.2.4.21",
    "ad": "4"
  },
  "pk": 94,
  "model": "ad_manager.certificateserverweb"
},
{
  "fields": {
    "addr": "127.2.5.21",
    "ad": "5"
  },
  "pk": 95,
  "model": "ad_manager.certificateserverweb"
},
{
  "fields": {
    "addr": "127.1.2.41",
    "ad": "2"
  },
  "pk": 71,
  "model": "ad_manager.pathserverweb"
},
{
  "fields": {
    "addr": "127.1.1.41",
    "ad": "1"
  },
  "pk": 72,
  "model": "ad_manager.pathserverweb"
},
{
  "fields": {
    "addr": "127.10.6.41",
    "ad": "6"
  },
  "pk": 73,
  "model": "ad_manager.pathserverweb"
},
{
  "fields": {
    "addr": "127.10.7.41",
    "ad": "7"
  },
  "pk": 74,
  "model": "ad_manager.pathserverweb"
},
{
  "fields": {
    "addr": "127.2.3.41",
    "ad": "3"
  },
  "pk": 75,
  "model": "ad_manager.pathserverweb"
},
{
  "fields": {
    "addr": "127.2.4.41",
    "ad": "4"
  },
  "pk": 76,
  "model": "ad_manager.pathserverweb"
},
{
  "fields": {
    "addr": "127.2.5.41",
    "ad": "5"
  },
  "pk": 77,
  "model": "ad_manager.pathserverweb"
},
{
  "fields": {
    "neighbor_ad": 1,
    "interface_toaddr": "127.1.1.62",
    "addr": "127.1.2.61",
    "ad": 2,
    "interface_addr": "127.1.2.62",
    "neighbor_type": "PARENT",
    "interface_id": 258
  },
  "pk": 251,
  "model": "ad_manager.routerweb"
},
{
  "fields": {
    "neighbor_ad": 2,
    "interface_toaddr": "127.1.2.62",
    "addr": "127.1.1.61",
    "ad": 1,
    "interface_addr": "127.1.1.62",
    "neighbor_type": "CHILD",
    "interface_id": 258
  },
  "pk": 252,
  "model": "ad_manager.routerweb"
},
{
  "fields": {
    "neighbor_ad": 3,
    "interface_toaddr": "127.2.3.66",
    "addr": "127.1.1.63",
    "ad": 1,
    "interface_addr": "127.1.1.64",
    "neighbor_type": "ROUTING",
    "interface_id": 259
  },
  "pk": 253,
  "model": "ad_manager.routerweb"
},
{
  "fields": {
    "neighbor_ad": 7,
    "interface_toaddr": "127.10.7.62",
    "addr": "127.10.6.61",
    "ad": 6,
    "interface_addr": "127.10.6.62",
    "neighbor_type": "CHILD",
    "interface_id": 268
  },
  "pk": 254,
  "model": "ad_manager.routerweb"
},
{
  "fields": {
    "neighbor_ad": 3,
    "interface_toaddr": "127.2.3.64",
    "addr": "127.10.6.63",
    "ad": 6,
    "interface_addr": "127.10.6.64",
    "neighbor_type": "ROUTING",
    "interface_id": 264
  },
  "pk": 255,
  "model": "ad_manager.routerweb"
},
{
  "fields": {
    "neighbor_ad": 6,
    "interface_toaddr": "127.10.6.62",
    "addr": "127.10.7.61",
    "ad": 7,
    "interface_addr": "127.10.7.62",
    "neighbor_type": "PARENT",
    "interface_id": 268
  },
  "pk": 256,
  "model": "ad_manager.routerweb"
},
{
  "fields": {
    "neighbor_ad": 4,
    "interface_toaddr": "127.2.4.64",
    "addr": "127.2.3.67",
    "ad": 3,
    "interface_addr": "127.2.3.68",
    "neighbor_type": "CHILD",
    "interface_id": 262
  },
  "pk": 257,
  "model": "ad_manager.routerweb"
},
{
  "fields": {
    "neighbor_ad": 5,
    "interface_toaddr": "127.2.5.64",
    "addr": "127.2.3.61",
    "ad": 3,
    "interface_addr": "127.2.3.62",
    "neighbor_type": "CHILD",
    "interface_id": 263
  },
  "pk": 258,
  "model": "ad_manager.routerweb"
},
{
  "fields": {
    "neighbor_ad": 1,
    "interface_toaddr": "127.1.1.64",
    "addr": "127.2.3.65",
    "ad": 3,
    "interface_addr": "127.2.3.66",
    "neighbor_type": "ROUTING",
    "interface_id": 259
  },
  "pk": 259,
  "model": "ad_manager.routerweb"
},
{
  "fields": {
    "neighbor_ad": 6,
    "interface_toaddr": "127.10.6.64",
    "addr": "127.2.3.63",
    "ad": 3,
    "interface_addr": "127.2.3.64",
    "neighbor_type": "ROUTING",
    "interface_id": 264
  },
  "pk": 260,
  "model": "ad_manager.routerweb"
},
{
  "fields": {
    "neighbor_ad": 3,
    "interface_toaddr": "127.2.3.68",
    "addr": "127.2.4.63",
    "ad": 4,
    "interface_addr": "127.2.4.64",
    "neighbor_type": "PARENT",
    "interface_id": 262
  },
  "pk": 261,
  "model": "ad_manager.routerweb"
},
{
  "fields": {
    "neighbor_ad": 5,
    "interface_toaddr": "127.2.5.62",
    "addr": "127.2.4.61",
    "ad": 4,
    "interface_addr": "127.2.4.62",
    "neighbor_type": "ROUTING",
    "interface_id": 264
  },
  "pk": 262,
  "model": "ad_manager.routerweb"
},
{
  "fields": {
    "neighbor_ad": 3,
    "interface_toaddr": "127.2.3.62",
    "addr": "127.2.5.63",
    "ad": 5,
    "interface_addr": "127.2.5.64",
    "neighbor_type": "PARENT",
    "interface_id": 263
  },
  "pk": 263,
  "model": "ad_manager.routerweb"
},
{
  "fields": {
    "neighbor_ad": 4,
    "interface_toaddr": "127.2.4.62",
    "addr": "127.2.5.61",
    "ad": 5,
    "interface_addr": "127.2.5.62",
    "neighbor_type": "ROUTING",
    "interface_id": 264
  },
  "pk": 264,
  "model": "ad_manager.routerweb"
}
]
